{
    "counter": {
        "ACTIVE": 15715,
        "INACTIVE": 5282,
        "INVALID": 3,
        "MALICIOUS": 0,
        "SANE": 0,
        "VALID": 0,
        "total": 21000
    },
    "percentage": {
        "ACTIVE": 74.83333333333333,
        "INACTIVE": 25.1547766453948,
        "INVALID": 0.020641254988303288,
        "MALICIOUS": 0,
        "SANE": 0,
        "VALID": 0,
        "total": 100.00875123371644
    }
}