{
    "counter": {
        "ACTIVE": 13666,
        "INACTIVE": 7331,
        "INVALID": 3,
        "MALICIOUS": 0,
        "SANE": 0,
        "VALID": 0,
        "total": 21000
    },
    "percentage": {
        "ACTIVE": 65.07619047619048,
        "INACTIVE": 34.90952380952381,
        "INVALID": 0.014285714285714285,
        "MALICIOUS": 0.0,
        "SANE": 0.0,
        "VALID": 0.0,
        "total": 100.0
    }
}