{
    "counter": {
        "ACTIVE": 15811,
        "INACTIVE": 5186,
        "INVALID": 3,
        "MALICIOUS": 0,
        "SANE": 0,
        "VALID": 0,
        "total": 21000
    },
    "percentage": {
        "ACTIVE": 75.29047619047618,
        "INACTIVE": 24.69759024669016,
        "INVALID": 0.020641254988303288,
        "MALICIOUS": 0,
        "SANE": 0,
        "VALID": 0,
        "total": 100.00870769215464
    }
}