{
    "counter": {
        "ACTIVE": 16309,
        "INACTIVE": 4688,
        "INVALID": 3,
        "MALICIOUS": 0,
        "SANE": 0,
        "VALID": 0,
        "total": 21000
    },
    "percentage": {
        "ACTIVE": 77.66190476190476,
        "INACTIVE": 22.336573279969507,
        "INVALID": 0.020641254988303288,
        "MALICIOUS": 0,
        "SANE": 0,
        "VALID": 0,
        "total": 100.01911929686258
    }
}