{
    "counter": {
        "ACTIVE": 16137,
        "INACTIVE": 4860,
        "INVALID": 3,
        "MALICIOUS": 0,
        "SANE": 0,
        "VALID": 0,
        "total": 21000
    },
    "percentage": {
        "ACTIVE": 76.84285714285714,
        "INACTIVE": 23.145061434422328,
        "INVALID": 0.020641254988303288,
        "MALICIOUS": 0,
        "SANE": 0,
        "VALID": 0,
        "total": 100.00855983226778
    }
}