{
    "counter": {
        "ACTIVE": 14280,
        "INACTIVE": 6717,
        "INVALID": 3,
        "MALICIOUS": 0,
        "SANE": 0,
        "VALID": 0,
        "total": 21000
    },
    "percentage": {
        "ACTIVE": 68.0,
        "INACTIVE": 31.985714285714284,
        "INVALID": 0.014285714285714285,
        "MALICIOUS": 0.0,
        "SANE": 0.0,
        "VALID": 0.0,
        "total": 100.0
    }
}