{
    "counter": {
        "ACTIVE": 15637,
        "INACTIVE": 5360,
        "INVALID": 3,
        "MALICIOUS": 0,
        "SANE": 0,
        "VALID": 0,
        "total": 21000
    },
    "percentage": {
        "ACTIVE": 74.46190476190476,
        "INACTIVE": 25.52624059434232,
        "INVALID": 0.020641254988303288,
        "MALICIOUS": 0,
        "SANE": 0,
        "VALID": 0,
        "total": 100.0087866112354
    }
}