{
    "counter": {
        "ACTIVE": 17316,
        "INACTIVE": 3684,
        "INVALID": 0,
        "MALICIOUS": 0,
        "SANE": 0,
        "VALID": 0,
        "total": 21000
    },
    "percentage": {
        "ACTIVE": 82.46106957474166,
        "INACTIVE": 17.542857142857144,
        "INVALID": 0,
        "MALICIOUS": 0,
        "SANE": 0,
        "VALID": 0,
        "total": 100.0039267175988
    }
}