{
    "counter": {
        "ACTIVE": 16029,
        "INACTIVE": 4968,
        "INVALID": 3,
        "MALICIOUS": 0,
        "SANE": 0,
        "VALID": 0,
        "total": 21000
    },
    "percentage": {
        "ACTIVE": 76.32857142857142,
        "INACTIVE": 23.659396132965043,
        "INVALID": 0.020641254988303288,
        "MALICIOUS": 0,
        "SANE": 0,
        "VALID": 0,
        "total": 100.00860881652477
    }
}