{
    "counter": {
        "ACTIVE": 15470,
        "INACTIVE": 5527,
        "INVALID": 3,
        "MALICIOUS": 0,
        "SANE": 0,
        "VALID": 0,
        "total": 21000
    },
    "percentage": {
        "ACTIVE": 73.66666666666667,
        "INACTIVE": 26.321554433755594,
        "INVALID": 0.020641254988303288,
        "MALICIOUS": 0,
        "SANE": 0,
        "VALID": 0,
        "total": 100.00886235541057
    }
}