{
    "counter": {
        "ACTIVE": 13655,
        "INACTIVE": 7342,
        "INVALID": 3,
        "MALICIOUS": 0,
        "SANE": 0,
        "VALID": 0,
        "total": 21000
    },
    "percentage": {
        "ACTIVE": 65.02380952380952,
        "INACTIVE": 34.96190476190476,
        "INVALID": 0.014285714285714285,
        "MALICIOUS": 0.0,
        "SANE": 0.0,
        "VALID": 0.0,
        "total": 100.0
    }
}