{
    "counter": {
        "ACTIVE": 14616,
        "INACTIVE": 6381,
        "INVALID": 3,
        "MALICIOUS": 0,
        "SANE": 0,
        "VALID": 0,
        "total": 21000
    },
    "percentage": {
        "ACTIVE": 69.6,
        "INACTIVE": 30.385714285714286,
        "INVALID": 0.014285714285714285,
        "MALICIOUS": 0.0,
        "SANE": 0.0,
        "VALID": 0.0,
        "total": 100.0
    }
}