{
    "counter": {
        "ACTIVE": 15169,
        "INACTIVE": 5828,
        "INVALID": 3,
        "MALICIOUS": 0,
        "SANE": 0,
        "VALID": 0,
        "total": 21000
    },
    "percentage": {
        "ACTIVE": 72.23333333333333,
        "INACTIVE": 27.752380952380953,
        "INVALID": 0.014285714285714285,
        "MALICIOUS": 0.0,
        "SANE": 0.0,
        "VALID": 0.0,
        "total": 100.00000000000001
    }
}