{
    "counter": {
        "ACTIVE": 15303,
        "INACTIVE": 5694,
        "INVALID": 3,
        "MALICIOUS": 0,
        "SANE": 0,
        "VALID": 0,
        "total": 21000
    },
    "percentage": {
        "ACTIVE": 72.87142857142857,
        "INACTIVE": 27.116868273168873,
        "INVALID": 0.020641254988303288,
        "MALICIOUS": 0,
        "SANE": 0,
        "VALID": 0,
        "total": 100.00893809958575
    }
}